{"cameraMode":{"drawMode":0,"name":"Shaded","section":"Shading Mode"},"sceneLighting":true,"audioPlay":false,"sceneViewState":{"m_AlwaysRefresh":false,"showFog":true,"showSkybox":true,"showFlares":true,"showImageEffects":true,"showParticleSystems":true,"showVisualEffectGraphs":true,"m_FxEnabled":true},"in2DMode":false,"pivot":{"x":-0.46386903524398806,"y":0.06570947170257569,"z":14.008779525756836},"rotation":{"x":-0.011056586168706417,"y":-0.7530982494354248,"z":0.012661580927670002,"w":-0.6577160954475403},"size":1.968690276145935,"orthographic":true}