{"cameraMode":{"drawMode":0,"name":"Shaded","section":"Shading Mode"},"sceneLighting":true,"audioPlay":false,"sceneViewState":{"m_AlwaysRefresh":false,"showFog":true,"showSkybox":true,"showFlares":true,"showImageEffects":true,"showParticleSystems":true,"showVisualEffectGraphs":true,"m_FxEnabled":true},"in2DMode":false,"pivot":{"x":-0.0267241932451725,"y":1.3733307123184205,"z":2.0243663787841799},"rotation":{"x":-0.1785714328289032,"y":-0.09077563881874085,"z":0.016553396359086038,"w":-0.9796034693717957},"size":6.559638500213623,"orthographic":true}